vin,make,model,series,year,milage,reserve_price,interior_color,exterior_color,body,drive_type,engine,fuel_type,starting_bid,container_no,costPrice
1HGCR2F38FA198671,HONDA,ACCORD,1.3,2016,500,1200,Red,Black,CONVERTIBLE,4WD,1.3,DIESEL,30000,3,10000
1N4AL3AP6DC105256,NISSAN,ALTIMA,1.3,2016,500,1200,Red,Black,CONVERTIBLE,4WD,1.3,DIESEL,30000,3,10000
2HGFE1F74NH310825,HONDA,CIVIC,1.3,2016,500,1200,Red,Black,CONVERTIBLE,4WD,1.3,DIESEL,30000,3,10000
2T1BURHE7KC192530,TOYOTA,COROLLA,1.3,2016,500,1200,Red,Black,CONVERTIBLE,4WD,1.3,DIESEL,30000,3,10000
KMHD35LH5HU367502,HYUNDAI,ELANTRA,1.3,2016,500,1200,Red,Black,CONVERTIBLE,4WD,1.3,DIESEL,30000,3,10000
JN1BJ0RP9HM384440,INFINITI,QX-50,1.3,2016,500,1200,Red,Black,CONVERTIBLE,4WD,1.3,DIESEL,30000,3,10000
5N1DL0MN3LC521792,INFINITI,QX-60,1.3,2016,500,1200,Red,Black,CONVERTIBLE,4WD,1.3,DIESEL,30000,3,10000
JTHBK1GG8E2129822,LEXUS,ES-350,1.3,2016,500,1200,Red,Black,CONVERTIBLE,4WD,1.3,DIESEL,30000,3,10000
JTHBF1D29F5077212,LEXUS,IS-250,1.3,2016,500,1200,Red,Black,CONVERTIBLE,4WD,1.3,DIESEL,30000,3,10000
1G1ZB5ST9HF196088,CHEVROLET,MALIBU,1.3,2016,500,1200,Red,Black,CONVERTIBLE,4WD,1.3,DIESEL,30000,3,10000
JM1GL1VM2M1601501,MAZDA,MAZDA 6,1.3,2016,500,1200,Red,Black,CONVERTIBLE,4WD,1.3,DIESEL,30000,3,10000
4JGFB4KB7NA632999,MERCEDES,GLE-350,1.3,2016,500,1200,Red,Black,CONVERTIBLE,4WD,1.3,DIESEL,30000,3,10000
WMWSU3C58CT261673,MINI COOPER,MINI COOPER,1.3,2016,500,1200,Red,Black,CONVERTIBLE,4WD,1.3,DIESEL,30000,3,10000
5FNRL5H45FB061115,HONDA,ODYSSEY,1.3,2016,500,1200,Red,Black,CONVERTIBLE,4WD,1.3,DIESEL,30000,3,10000
5XXGT4L34KG314268,KIA,OPTIMA,1.3,2016,500,1200,Red,Black,CONVERTIBLE,4WD,1.3,DIESEL,30000,3,10000
5XXGT4L36HG154161,KIA,OPTIMA,1.3,2016,500,1200,Red,Black,CONVERTIBLE,4WD,1.3,DIESEL,30000,3,10000
KNMAT2MT7KP504664,NISSAN,ROGUE,1.3,2016,500,1200,Red,Black,CONVERTIBLE,4WD,1.3,DIESEL,30000,3,10000
5NPE24AF1FH104003,HYUNDAI,SONATA,1.3,2016,500,1200,Red,Black,CONVERTIBLE,4WD,1.3,DIESEL,30000,3,10000
5XYK6CAF0PG105783,KIA,SPORTAGE,1.3,2016,500,1200,Red,Black,CONVERTIBLE,4WD,1.3,DIESEL,30000,3,10000
JF1ZNBC19P8751382,TOYOTA,GR-86,1.3,2016,500,1200,Red,Black,CONVERTIBLE,4WD,1.3,DIESEL,30000,3,10000
